bar,timestamp,equity
0,1781769240000,1000.0
50,1781778240000,1000.0
51,1781778420000,1000.0
52,1781778600000,1000.0
53,1781778780000,999.5
54,1781778960000,999.4
55,1781779140000,999.67
56,1781779320000,999.23
57,1781779500000,999.65
58,1781779680000,999.66
59,1781779860000,1000.86
60,1781780040000,999.92
61,1781780220000,999.42
62,1781780400000,1000.33
63,1781780580000,999.63
64,1781780760000,999.87
65,1781780940000,999.11
66,1781781120000,998.99
67,1781781300000,998.92
68,1781781480000,998.64
69,1781781660000,997.67
70,1781781840000,997.18
71,1781782020000,998.33
72,1781782200000,997.85
73,1781782380000,998.04
74,1781782560000,997.34
75,1781782740000,997.26
76,1781782920000,997.5
77,1781783100000,997.3
78,1781783280000,996.99
79,1781783460000,997.32
80,1781783640000,997.3
81,1781783820000,997.5
82,1781784000000,998.03
83,1781784180000,997.71
84,1781784360000,997.5
85,1781784540000,997.82
86,1781784720000,997.78
87,1781784900000,997.76
88,1781785080000,997.26
89,1781785260000,997.47
90,1781785440000,997.82
91,1781785620000,998.0
92,1781785800000,997.89
93,1781785980000,998.25
94,1781786160000,998.03
95,1781786340000,998.11
96,1781786520000,998.42
97,1781786700000,998.95
98,1781786880000,998.93
99,1781787060000,998.91
100,1781787240000,999.34
101,1781787420000,999.34
102,1781787600000,999.13
103,1781787780000,999.4
104,1781787960000,999.64
105,1781788140000,999.89
106,1781788320000,999.54
107,1781788500000,999.7
108,1781788680000,999.44
109,1781788860000,999.22
110,1781789040000,999.25
111,1781789220000,999.21
112,1781789400000,998.3
113,1781789580000,996.51
114,1781789760000,996.51
115,1781789940000,996.51
116,1781790120000,996.51
117,1781790300000,996.51
118,1781790480000,996.01
119,1781790660000,995.93
120,1781790840000,995.24
121,1781791020000,995.22
122,1781791200000,995.25
123,1781791380000,994.24
124,1781791560000,994.35
125,1781791740000,993.77
126,1781791920000,993.67
127,1781792100000,995.0
128,1781792280000,995.14
129,1781792460000,995.97
130,1781792640000,994.94
131,1781792820000,993.94
132,1781793000000,994.53
133,1781793180000,994.6
134,1781793360000,994.58
135,1781793540000,994.08
136,1781793720000,993.26
137,1781793900000,993.7
138,1781794080000,993.38
139,1781794260000,991.25
140,1781794440000,991.57
141,1781794620000,991.07
142,1781794800000,989.79
143,1781794980000,989.31
144,1781795160000,990.45
145,1781795340000,989.99
146,1781795520000,988.99
147,1781795700000,987.04
148,1781795880000,987.98
149,1781796060000,987.62
150,1781796240000,987.79
151,1781796420000,986.62
152,1781796600000,986.37
153,1781796780000,986.16
154,1781796960000,983.97
155,1781797140000,982.41
156,1781797320000,983.02
157,1781797500000,982.72
158,1781797680000,982.71
159,1781797860000,981.03
160,1781798040000,980.39
161,1781798220000,979.77
162,1781798400000,981.61
163,1781798580000,981.77
164,1781798760000,981.74
165,1781798940000,982.54
166,1781799120000,981.85
167,1781799300000,981.86
168,1781799480000,982.36
169,1781799660000,982.71
170,1781799840000,982.53
171,1781800020000,981.54
172,1781800200000,980.94
173,1781800380000,981.81
174,1781800560000,982.21
175,1781800740000,982.16
176,1781800920000,982.52
177,1781801100000,982.45
178,1781801280000,981.82
179,1781801460000,981.33
180,1781801640000,981.81
181,1781801820000,981.76
182,1781802000000,980.89
183,1781802180000,980.9
184,1781802360000,980.9
185,1781802540000,979.34
186,1781802720000,978.85
187,1781802900000,979.08
188,1781803080000,979.58
189,1781803260000,978.45
190,1781803440000,977.59
191,1781803620000,979.44
192,1781803800000,980.61
193,1781803980000,980.01
194,1781804160000,979.39
195,1781804340000,979.67
196,1781804520000,980.01
197,1781804700000,979.53
198,1781804880000,979.04
199,1781805060000,979.1
200,1781805240000,978.01
201,1781805420000,978.57
202,1781805600000,978.69
203,1781805780000,979.09
204,1781805960000,979.35
205,1781806140000,979.24
206,1781806320000,979.37
207,1781806500000,979.64
208,1781806680000,980.77
209,1781806860000,980.85
210,1781807040000,981.13
211,1781807220000,980.47
212,1781807400000,979.98
213,1781807580000,980.13
214,1781807760000,979.57
215,1781807940000,979.16
216,1781808120000,979.89
217,1781808300000,979.69
218,1781808480000,980.25
219,1781808660000,979.78
220,1781808840000,978.7
221,1781809020000,978.21
222,1781809200000,978.08
223,1781809380000,978.0
224,1781809560000,978.0
225,1781809740000,977.73
226,1781809920000,978.0
227,1781810100000,978.21
228,1781810280000,978.42
229,1781810460000,978.7
230,1781810640000,978.91
231,1781810820000,978.28
232,1781811000000,977.79
233,1781811180000,977.92
234,1781811360000,978.31
235,1781811540000,978.6
236,1781811720000,979.12
237,1781811900000,979.23
238,1781812080000,978.87
239,1781812260000,979.19
240,1781812440000,979.07
241,1781812620000,979.03
242,1781812800000,980.39
243,1781812980000,980.76
244,1781813160000,980.3
245,1781813340000,980.33
246,1781813520000,980.68
247,1781813700000,980.4
248,1781813880000,980.99
249,1781814060000,980.38
250,1781814240000,980.35
251,1781814420000,980.31
252,1781814600000,980.45
253,1781814780000,980.36
254,1781814960000,980.22
255,1781815140000,980.41
256,1781815320000,980.48
257,1781815500000,979.98
258,1781815680000,979.59
259,1781815860000,979.1
260,1781816040000,979.08
261,1781816220000,978.9
262,1781816400000,978.43
263,1781816580000,977.94
264,1781816760000,978.15
265,1781816940000,977.63
266,1781817120000,976.62
267,1781817300000,977.52
268,1781817480000,977.48
269,1781817660000,977.45
270,1781817840000,976.86
271,1781818020000,976.87
272,1781818200000,977.01
273,1781818380000,977.1
274,1781818560000,976.49
275,1781818740000,976.53
276,1781818920000,976.58
277,1781819100000,976.81
278,1781819280000,976.67
279,1781819460000,976.36
280,1781819640000,977.02
281,1781819820000,976.96
282,1781820000000,976.79
283,1781820180000,976.7
284,1781820360000,976.61
285,1781820540000,976.61
286,1781820720000,976.59
287,1781820900000,975.92
288,1781821080000,975.63
289,1781821260000,975.96
290,1781821440000,976.05
291,1781821620000,975.93
292,1781821800000,975.38
293,1781821980000,975.59
294,1781822160000,975.79
295,1781822340000,975.49
296,1781822520000,975.77
297,1781822700000,975.7
298,1781822880000,976.11
299,1781823060000,976.34
300,1781823240000,976.18
301,1781823420000,976.29
302,1781823600000,976.48
303,1781823780000,976.21
304,1781823960000,975.77
305,1781824140000,975.73
306,1781824320000,975.33
307,1781824500000,975.16
308,1781824680000,974.67
309,1781824860000,974.86
310,1781825040000,974.7
311,1781825220000,975.12
312,1781825400000,975.54
313,1781825580000,975.25
314,1781825760000,975.24
315,1781825940000,975.56
316,1781826120000,975.4
317,1781826300000,975.26
318,1781826480000,975.66
319,1781826660000,975.6
320,1781826840000,975.73
321,1781827020000,975.72
322,1781827200000,975.39
323,1781827380000,975.82
324,1781827560000,974.92
325,1781827740000,975.19
326,1781827920000,975.03
327,1781828100000,975.06
328,1781828280000,975.43
329,1781828460000,975.68
330,1781828640000,975.67
331,1781828820000,975.84
332,1781829000000,976.28
333,1781829180000,976.24
334,1781829360000,976.15
335,1781829540000,976.47
336,1781829720000,976.56
337,1781829900000,976.64
338,1781830080000,976.27
339,1781830260000,976.15
340,1781830440000,975.85
341,1781830620000,976.24
342,1781830800000,976.21
343,1781830980000,976.71
344,1781831160000,976.24
345,1781831340000,975.36
346,1781831520000,975.86
347,1781831700000,976.64
348,1781831880000,976.49
349,1781832060000,976.57
350,1781832240000,976.09
351,1781832420000,975.02
352,1781832600000,974.54
353,1781832780000,974.29
354,1781832960000,974.59
355,1781833140000,974.46
356,1781833320000,974.63
357,1781833500000,974.77
358,1781833680000,974.83
359,1781833860000,975.2
360,1781834040000,975.49
361,1781834220000,975.51
362,1781834400000,975.72
363,1781834580000,975.71
364,1781834760000,975.23
365,1781834940000,975.31
366,1781835120000,975.16
367,1781835300000,974.96
368,1781835480000,974.92
369,1781835660000,974.71
370,1781835840000,975.11
371,1781836020000,974.59
372,1781836200000,974.55
373,1781836380000,974.89
374,1781836560000,973.96
375,1781836740000,973.47
376,1781836920000,973.57
377,1781837100000,973.61
378,1781837280000,973.43
379,1781837460000,973.78
380,1781837640000,973.98
381,1781837820000,974.05
382,1781838000000,973.75
383,1781838180000,973.65
384,1781838360000,973.3
385,1781838540000,973.11
386,1781838720000,971.99
387,1781838900000,969.75
388,1781839080000,970.42
389,1781839260000,972.36
390,1781839440000,972.2
391,1781839620000,972.79
392,1781839800000,972.4
393,1781839980000,971.93
394,1781840160000,971.53
395,1781840340000,971.55
396,1781840520000,971.7
397,1781840700000,971.64
398,1781840880000,971.86
399,1781841060000,972.12
400,1781841240000,972.19
401,1781841420000,972.28
402,1781841600000,971.52
403,1781841780000,971.48
404,1781841960000,971.74
405,1781842140000,971.25
406,1781842320000,971.31
407,1781842500000,971.56
408,1781842680000,970.19
409,1781842860000,970.36
410,1781843040000,969.82
411,1781843220000,969.33
412,1781843400000,968.59
413,1781843580000,967.77
414,1781843760000,967.29
415,1781843940000,967.53
416,1781844120000,967.64
417,1781844300000,967.48
418,1781844480000,967.76
419,1781844660000,966.99
420,1781844840000,966.19
421,1781845020000,966.43
422,1781845200000,967.41
423,1781845380000,967.79
424,1781845560000,967.95
425,1781845740000,967.88
426,1781845920000,968.11
427,1781846100000,967.59
428,1781846280000,967.47
429,1781846460000,967.56
430,1781846640000,967.82
431,1781846820000,967.63
432,1781847000000,967.58
433,1781847180000,967.49
434,1781847360000,967.58
435,1781847540000,967.76
436,1781847720000,967.95
437,1781847900000,967.86
438,1781848080000,967.37
439,1781848260000,967.23
440,1781848440000,967.35
441,1781848620000,967.51
442,1781848800000,967.69
443,1781848980000,968.26
444,1781849160000,967.83
445,1781849340000,967.87
446,1781849520000,968.36
447,1781849700000,967.92
448,1781849880000,967.7
449,1781850060000,968.16
450,1781850240000,968.28
451,1781850420000,968.29
452,1781850600000,968.13
453,1781850780000,967.74
454,1781850960000,967.5
455,1781851140000,967.65
456,1781851320000,968.15
457,1781851500000,967.77
458,1781851680000,967.9
459,1781851860000,968.49
460,1781852040000,968.53
461,1781852220000,968.64
462,1781852400000,968.51
463,1781852580000,968.32
464,1781852760000,968.31
465,1781852940000,968.32
466,1781853120000,967.77
467,1781853300000,967.91
468,1781853480000,967.49
469,1781853660000,967.65
470,1781853840000,967.96
471,1781854020000,967.03
472,1781854200000,966.55
473,1781854380000,965.81
474,1781854560000,964.84
475,1781854740000,964.83
476,1781854920000,965.1
477,1781855100000,964.98
478,1781855280000,965.38
479,1781855460000,965.52
480,1781855640000,965.58
481,1781855820000,965.7
482,1781856000000,965.54
483,1781856180000,965.54
484,1781856360000,965.51
485,1781856540000,965.77
486,1781856720000,966.06
487,1781856900000,965.63
488,1781857080000,965.9
489,1781857260000,966.26
490,1781857440000,966.14
491,1781857620000,966.05
492,1781857800000,966.06
493,1781857980000,965.64
494,1781858160000,965.15
495,1781858340000,964.0
496,1781858520000,964.32
497,1781858700000,964.32
498,1781858880000,964.32
499,1781859060000,964.0
500,1781859240000,963.64
501,1781859420000,963.87
502,1781859600000,963.96
503,1781859780000,963.34
504,1781859960000,963.22
505,1781860140000,962.2
506,1781860320000,961.72
507,1781860500000,961.71
508,1781860680000,961.71
509,1781860860000,961.25
510,1781861040000,961.49
511,1781861220000,961.31
512,1781861400000,961.82
513,1781861580000,961.86
514,1781861760000,961.81
515,1781861940000,961.83
516,1781862120000,961.63
517,1781862300000,961.48
518,1781862480000,961.44
519,1781862660000,961.33
520,1781862840000,961.34
521,1781863020000,961.33
522,1781863200000,961.43
523,1781863380000,961.49
524,1781863560000,962.08
525,1781863740000,961.83
526,1781863920000,961.35
527,1781864100000,960.44
528,1781864280000,960.55
529,1781864460000,960.92
530,1781864640000,961.06
531,1781864820000,961.0
532,1781865000000,960.59
533,1781865180000,960.7
534,1781865360000,960.45
535,1781865540000,960.42
536,1781865720000,959.83
537,1781865900000,959.83
538,1781866080000,959.83
539,1781866260000,959.35
540,1781866440000,959.47
541,1781866620000,959.1
542,1781866800000,959.31
543,1781866980000,959.01
544,1781867160000,958.79
545,1781867340000,958.83
546,1781867520000,958.79
547,1781867700000,958.55
548,1781867880000,959.38
549,1781868060000,960.25
550,1781868240000,959.67
551,1781868420000,959.95
552,1781868600000,959.91
553,1781868780000,959.8
554,1781868960000,959.78
555,1781869140000,959.92
556,1781869320000,960.03
557,1781869500000,960.18
558,1781869680000,960.0
559,1781869860000,959.87
560,1781870040000,959.75
561,1781870220000,959.86
562,1781870400000,959.91
563,1781870580000,960.05
564,1781870760000,959.79
565,1781870940000,959.91
566,1781871120000,959.79
567,1781871300000,958.39
568,1781871480000,957.91
569,1781871660000,958.18
570,1781871840000,958.06
571,1781872020000,958.24
572,1781872200000,957.77
573,1781872380000,957.49
574,1781872560000,957.94
575,1781872740000,958.18
576,1781872920000,957.82
577,1781873100000,956.79
578,1781873280000,957.88
579,1781873460000,959.44
580,1781873640000,958.96
581,1781873820000,959.41
582,1781874000000,958.99
583,1781874180000,960.47
584,1781874360000,959.81
585,1781874540000,959.28
586,1781874720000,959.08
587,1781874900000,958.54
588,1781875080000,958.65
589,1781875260000,958.88
590,1781875440000,958.86
591,1781875620000,959.11
592,1781875800000,959.03
593,1781875980000,959.45
594,1781876160000,960.01
595,1781876340000,960.53
596,1781876520000,961.38
597,1781876700000,962.38
598,1781876880000,962.47
599,1781877060000,962.47
600,1781877240000,962.43
601,1781877420000,962.29
602,1781877600000,962.53
603,1781877780000,962.29
604,1781877960000,962.02
605,1781878140000,961.19
606,1781878320000,961.38
607,1781878500000,961.22
608,1781878680000,961.05
609,1781878860000,960.35
610,1781879040000,960.35
611,1781879220000,960.35
612,1781879400000,960.35
613,1781879580000,960.35
614,1781879760000,959.87
615,1781879940000,959.95
616,1781880120000,959.04
617,1781880300000,958.56
618,1781880480000,958.47
619,1781880660000,958.09
620,1781880840000,957.92
621,1781881020000,957.79
622,1781881200000,957.57
623,1781881380000,957.25
624,1781881560000,957.88
625,1781881740000,956.98
626,1781881920000,956.5
627,1781882100000,956.07
628,1781882280000,955.63
629,1781882460000,955.4
630,1781882640000,955.58
631,1781882820000,955.48
632,1781883000000,956.1
633,1781883180000,956.48
634,1781883360000,956.19
635,1781883540000,956.84
636,1781883720000,956.89
637,1781883900000,956.85
638,1781884080000,956.83
639,1781884260000,956.32
640,1781884440000,955.84
641,1781884620000,955.5
642,1781884800000,955.59
643,1781884980000,955.36
644,1781885160000,954.79
645,1781885340000,954.91
646,1781885520000,956.74
647,1781885700000,956.36
648,1781885880000,956.2
649,1781886060000,956.14
650,1781886240000,956.3
651,1781886420000,956.2
652,1781886600000,956.67
653,1781886780000,956.02
654,1781886960000,956.17
655,1781887140000,955.75
656,1781887320000,955.2
657,1781887500000,954.73
658,1781887680000,954.38
659,1781887860000,953.89
660,1781888040000,953.16
661,1781888220000,952.98
662,1781888400000,953.09
663,1781888580000,953.02
664,1781888760000,953.22
665,1781888940000,953.23
666,1781889120000,953.2
667,1781889300000,953.64
668,1781889480000,953.86
669,1781889660000,953.37
670,1781889840000,952.58
671,1781890020000,952.59
672,1781890200000,953.0
673,1781890380000,953.39
674,1781890560000,953.42
675,1781890740000,953.64
676,1781890920000,953.96
677,1781891100000,953.88
678,1781891280000,954.28
679,1781891460000,953.81
680,1781891640000,953.7
681,1781891820000,953.79
682,1781892000000,953.5
683,1781892180000,953.45
684,1781892360000,953.24
685,1781892540000,953.46
686,1781892720000,953.59
687,1781892900000,953.28
688,1781893080000,953.52
689,1781893260000,953.46
690,1781893440000,952.9
691,1781893620000,952.42
692,1781893800000,952.43
693,1781893980000,952.4
694,1781894160000,951.92
695,1781894340000,951.8
696,1781894520000,951.76
697,1781894700000,951.76
698,1781894880000,951.84
699,1781895060000,951.51
700,1781895240000,951.87
701,1781895420000,952.17
702,1781895600000,951.87
703,1781895780000,951.98
704,1781895960000,951.77
705,1781896140000,951.46
706,1781896320000,951.83
707,1781896500000,951.71
708,1781896680000,951.49
709,1781896860000,951.39
710,1781897040000,950.9
711,1781897220000,951.36
712,1781897400000,951.46
713,1781897580000,951.03
714,1781897760000,951.46
715,1781897940000,951.37
716,1781898120000,951.37
717,1781898300000,951.53
718,1781898480000,951.83
719,1781898660000,951.35
720,1781898840000,951.14
721,1781899020000,950.99
722,1781899200000,951.0
723,1781899380000,951.15
724,1781899560000,951.37
725,1781899740000,951.39
726,1781899920000,951.37
727,1781900100000,951.11
728,1781900280000,950.11
729,1781900460000,949.63
730,1781900640000,949.76
731,1781900820000,949.29
732,1781901000000,948.59
733,1781901180000,948.59
734,1781901360000,948.12
735,1781901540000,948.26
736,1781901720000,948.49
737,1781901900000,948.83
738,1781902080000,948.35
739,1781902260000,948.33
740,1781902440000,948.54
741,1781902620000,948.75
742,1781902800000,948.18
743,1781902980000,948.1
744,1781903160000,948.46
745,1781903340000,948.74
746,1781903520000,948.93
747,1781903700000,948.81
748,1781903880000,948.75
749,1781904060000,948.53
750,1781904240000,948.36
751,1781904420000,947.63
752,1781904600000,947.63
753,1781904780000,947.16
754,1781904960000,947.24
755,1781905140000,946.96
756,1781905320000,946.82
757,1781905500000,947.03
758,1781905680000,947.13
759,1781905860000,946.75
760,1781906040000,946.64
761,1781906220000,946.75
762,1781906400000,946.82
763,1781906580000,946.7
764,1781906760000,946.55
765,1781906940000,946.67
766,1781907120000,946.88
767,1781907300000,947.06
768,1781907480000,947.73
769,1781907660000,947.63
770,1781907840000,947.63
771,1781908020000,947.16
772,1781908200000,947.06
773,1781908380000,947.08
774,1781908560000,946.97
775,1781908740000,947.68
776,1781908920000,947.62
777,1781909100000,947.68
778,1781909280000,947.66
779,1781909460000,947.73
780,1781909640000,947.62
781,1781909820000,947.57
782,1781910000000,947.42
783,1781910180000,947.5
784,1781910360000,947.46
785,1781910540000,947.27
786,1781910720000,947.35
787,1781910900000,946.85
788,1781911080000,946.38
789,1781911260000,946.46
790,1781911440000,946.23
791,1781911620000,945.75
792,1781911800000,945.81
793,1781911980000,945.95
794,1781912160000,946.01
795,1781912340000,945.2
796,1781912520000,944.73
797,1781912700000,944.47
798,1781912880000,944.55
799,1781913060000,944.8
800,1781913240000,947.12
801,1781913420000,946.32
802,1781913600000,946.57
803,1781913780000,946.24
804,1781913960000,946.43
805,1781914140000,945.8
806,1781914320000,946.2
807,1781914500000,946.21
808,1781914680000,946.11
809,1781914860000,945.85
810,1781915040000,946.37
811,1781915220000,946.9
812,1781915400000,947.19
813,1781915580000,947.59
814,1781915760000,946.83
815,1781915940000,946.43
816,1781916120000,946.8
817,1781916300000,946.31
818,1781916480000,946.43
819,1781916660000,946.44
820,1781916840000,946.3
821,1781917020000,946.19
822,1781917200000,946.18
823,1781917380000,945.51
824,1781917560000,945.03
825,1781917740000,945.07
826,1781917920000,945.11
827,1781918100000,945.29
828,1781918280000,945.46
829,1781918460000,945.15
830,1781918640000,944.88
831,1781918820000,945.52
832,1781919000000,945.89
833,1781919180000,945.49
834,1781919360000,945.02
835,1781919540000,944.63
836,1781919720000,944.74
837,1781919900000,944.82
838,1781920080000,944.7
839,1781920260000,944.8
840,1781920440000,944.81
841,1781920620000,944.81
842,1781920800000,944.61
843,1781920980000,943.71
844,1781921160000,943.24
845,1781921340000,943.25
846,1781921520000,943.14
847,1781921700000,942.76
848,1781921880000,942.69
849,1781922060000,942.56
850,1781922240000,942.7
851,1781922420000,942.67
852,1781922600000,943.28
853,1781922780000,942.82
854,1781922960000,942.66
855,1781923140000,942.55
856,1781923320000,942.59
857,1781923500000,942.81
858,1781923680000,942.61
859,1781923860000,942.27
860,1781924040000,942.3
861,1781924220000,942.16
862,1781924400000,942.44
863,1781924580000,942.34
864,1781924760000,942.34
865,1781924940000,942.32
866,1781925120000,942.28
867,1781925300000,942.46
868,1781925480000,942.54
869,1781925660000,942.66
870,1781925840000,942.92
871,1781926020000,942.52
872,1781926200000,942.05
873,1781926380000,941.76
874,1781926560000,942.11
875,1781926740000,942.35
876,1781926920000,942.24
877,1781927100000,942.13
878,1781927280000,942.2
879,1781927460000,941.96
880,1781927640000,941.83
881,1781927820000,942.19
882,1781928000000,941.83
883,1781928180000,941.91
884,1781928360000,941.76
885,1781928540000,941.25
886,1781928720000,940.78
887,1781928900000,940.64
888,1781929080000,940.17
889,1781929260000,939.68
890,1781929440000,939.21
891,1781929620000,939.43
892,1781929800000,939.11
893,1781929980000,939.17
894,1781930160000,939.18
895,1781930340000,939.68
896,1781930520000,939.78
897,1781930700000,939.29
898,1781930880000,939.72
899,1781931060000,939.48
900,1781931240000,939.37
901,1781931420000,939.59
902,1781931600000,939.46
903,1781931780000,939.41
904,1781931960000,940.49
905,1781932140000,941.11
906,1781932320000,941.28
907,1781932500000,940.66
908,1781932680000,940.81
909,1781932860000,940.59
910,1781933040000,940.59
911,1781933220000,939.99
912,1781933400000,940.28
913,1781933580000,940.33
914,1781933760000,940.33
915,1781933940000,940.17
916,1781934120000,939.53
917,1781934300000,939.06
918,1781934480000,939.0
919,1781934660000,939.29
920,1781934840000,939.37
921,1781935020000,939.45
922,1781935200000,939.17
923,1781935380000,939.17
924,1781935560000,938.7
925,1781935740000,938.65
926,1781935920000,938.83
927,1781936100000,938.72
928,1781936280000,938.63
929,1781936460000,938.62
930,1781936640000,938.15
931,1781936820000,938.31
932,1781937000000,938.27
933,1781937180000,938.43
934,1781937360000,938.62
935,1781937540000,938.43
936,1781937720000,938.71
937,1781937900000,938.52
938,1781938080000,938.53
939,1781938260000,938.56
940,1781938440000,938.49
941,1781938620000,938.61
942,1781938800000,938.03
943,1781938980000,937.83
944,1781939160000,937.26
945,1781939340000,937.26
946,1781939520000,937.26
947,1781939700000,937.26
948,1781939880000,936.79
949,1781940060000,936.95
950,1781940240000,936.91
951,1781940420000,937.13
952,1781940600000,936.94
953,1781940780000,936.73
954,1781940960000,936.83
955,1781941140000,936.92
956,1781941320000,936.79
957,1781941500000,936.63
958,1781941680000,936.8
959,1781941860000,936.53
960,1781942040000,936.49
961,1781942220000,936.13
962,1781942400000,935.14
963,1781942580000,935.31
964,1781942760000,934.84
965,1781942940000,934.62
966,1781943120000,934.71
967,1781943300000,934.74
968,1781943480000,934.84
969,1781943660000,934.46
970,1781943840000,934.39
971,1781944020000,934.2
972,1781944200000,934.11
973,1781944380000,934.19
974,1781944560000,933.89
975,1781944740000,934.22
976,1781944920000,934.0
977,1781945100000,933.89
978,1781945280000,933.68
979,1781945460000,933.67
980,1781945640000,933.96
981,1781945820000,933.72
982,1781946000000,934.03
983,1781946180000,934.02
984,1781946360000,934.17
985,1781946540000,934.36
986,1781946720000,934.47
987,1781946900000,934.45
988,1781947080000,934.59
989,1781947260000,934.41
990,1781947440000,933.94
991,1781947620000,934.08
992,1781947800000,934.17
993,1781947980000,934.47
994,1781948160000,934.67
995,1781948340000,934.8
996,1781948520000,935.09
997,1781948700000,934.79
998,1781948880000,934.96
999,1781949060000,935.25
1000,1781949240000,935.77
1001,1781949420000,935.37
1002,1781949600000,935.45
1003,1781949780000,935.55
1004,1781949960000,935.37
1005,1781950140000,935.09
1006,1781950320000,935.05
1007,1781950500000,935.15
1008,1781950680000,934.8
1009,1781950860000,934.8
1010,1781951040000,934.38
1011,1781951220000,933.91
1012,1781951400000,933.72
1013,1781951580000,933.48
1014,1781951760000,933.43
1015,1781951940000,933.31
1016,1781952120000,933.35
1017,1781952300000,933.54
1018,1781952480000,933.85
1019,1781952660000,933.7
1020,1781952840000,933.82
1021,1781953020000,933.91
1022,1781953200000,933.99
1023,1781953380000,933.56
1024,1781953560000,933.5
1025,1781953740000,933.28
1026,1781953920000,932.82
1027,1781954100000,933.19
1028,1781954280000,932.8
1029,1781954460000,933.28
1030,1781954640000,933.15
1031,1781954820000,933.05
1032,1781955000000,933.07
1033,1781955180000,933.07
1034,1781955360000,933.09
1035,1781955540000,933.22
1036,1781955720000,933.22
1037,1781955900000,933.47
1038,1781956080000,933.66
1039,1781956260000,933.2
1040,1781956440000,933.14
1041,1781956620000,932.9
1042,1781956800000,933.01
1043,1781956980000,933.24
1044,1781957160000,933.64
1045,1781957340000,933.5
1046,1781957520000,933.48
1047,1781957700000,933.55
1048,1781957880000,933.38
1049,1781958060000,932.63
1050,1781958240000,932.16
1051,1781958420000,932.1
1052,1781958600000,931.83
1053,1781958780000,931.7
1054,1781958960000,930.99
1055,1781959140000,931.2
1056,1781959320000,931.26
1057,1781959500000,931.19
1058,1781959680000,930.97
1059,1781959860000,930.91
1060,1781960040000,931.33
1061,1781960220000,931.49
1062,1781960400000,931.32
1063,1781960580000,931.31
1064,1781960760000,931.4
1065,1781960940000,931.29
1066,1781961120000,930.97
1067,1781961300000,930.97
1068,1781961480000,930.51
1069,1781961660000,929.74
1070,1781961840000,929.27
1071,1781962020000,929.24
1072,1781962200000,929.54
1073,1781962380000,929.55
1074,1781962560000,930.11
1075,1781962740000,930.1
1076,1781962920000,930.05
1077,1781963100000,930.11
1078,1781963280000,930.28
1079,1781963460000,929.8
1080,1781963640000,929.71
1081,1781963820000,929.56
1082,1781964000000,929.37
1083,1781964180000,928.82
1084,1781964360000,928.56
1085,1781964540000,928.52
1086,1781964720000,928.3
1087,1781964900000,928.77
1088,1781965080000,928.95
1089,1781965260000,929.2
1090,1781965440000,929.33
1091,1781965620000,929.47
1092,1781965800000,929.65
1093,1781965980000,929.93
1094,1781966160000,929.81
1095,1781966340000,929.74
1096,1781966520000,929.97
1097,1781966700000,929.97
1098,1781966880000,929.97
1099,1781967060000,929.97
1100,1781967240000,929.97
1101,1781967420000,929.97
1102,1781967600000,929.97
1103,1781967780000,929.97
1104,1781967960000,929.97
1105,1781968140000,929.97
1106,1781968320000,929.97
1107,1781968500000,929.97
1108,1781968680000,929.97
1109,1781968860000,929.97
1110,1781969040000,929.97
1111,1781969220000,929.51
1112,1781969400000,928.89
1113,1781969580000,929.0
1114,1781969760000,928.83
1115,1781969940000,928.97
1116,1781970120000,928.93
1117,1781970300000,929.57
1118,1781970480000,929.08
1119,1781970660000,928.92
1120,1781970840000,928.87
1121,1781971020000,929.3
1122,1781971200000,927.87
1123,1781971380000,927.41
1124,1781971560000,927.46
1125,1781971740000,927.27
1126,1781971920000,927.27
1127,1781972100000,927.67
1128,1781972280000,927.36
1129,1781972460000,927.62
1130,1781972640000,927.65
1131,1781972820000,927.25
1132,1781973000000,926.96
1133,1781973180000,926.77
1134,1781973360000,927.14
1135,1781973540000,927.29
1136,1781973720000,927.32
1137,1781973900000,927.13
1138,1781974080000,927.52
1139,1781974260000,927.46
1140,1781974440000,927.24
1141,1781974620000,927.48
1142,1781974800000,927.13
1143,1781974980000,926.85
1144,1781975160000,926.78
1145,1781975340000,926.62
1146,1781975520000,926.96
1147,1781975700000,926.79
1148,1781975880000,926.76
1149,1781976060000,926.46
1150,1781976240000,926.56
1151,1781976420000,927.19
1152,1781976600000,927.3
1153,1781976780000,925.9
1154,1781976960000,926.04
1155,1781977140000,926.12
1156,1781977320000,926.29
1157,1781977500000,926.14
1158,1781977680000,926.13
1159,1781977860000,925.81
1160,1781978040000,925.35
1161,1781978220000,925.15
1162,1781978400000,925.58
1163,1781978580000,924.95
1164,1781978760000,924.49
1165,1781978940000,924.75
1166,1781979120000,924.5
1167,1781979300000,924.74
1168,1781979480000,924.71
1169,1781979660000,924.67
1170,1781979840000,924.69
1171,1781980020000,924.78
1172,1781980200000,924.66
1173,1781980380000,924.54
1174,1781980560000,924.71
1175,1781980740000,924.62
1176,1781980920000,924.45
1177,1781981100000,924.45
1178,1781981280000,924.51
1179,1781981460000,924.39
1180,1781981640000,924.24
1181,1781981820000,924.38
1182,1781982000000,924.45
1183,1781982180000,924.55
1184,1781982360000,924.67
1185,1781982540000,924.5
1186,1781982720000,924.04
1187,1781982900000,924.13
1188,1781983080000,924.14
1189,1781983260000,924.21
1190,1781983440000,924.0
1191,1781983620000,923.81
1192,1781983800000,924.07
1193,1781983980000,923.94
1194,1781984160000,923.97
1195,1781984340000,924.0
1196,1781984520000,924.37
1197,1781984700000,924.27
1198,1781984880000,924.29
1199,1781985060000,924.27
1200,1781985240000,924.24
1201,1781985420000,924.36
1202,1781985600000,924.39
1203,1781985780000,924.34
1204,1781985960000,924.6
1205,1781986140000,924.54
1206,1781986320000,924.56
1207,1781986500000,924.53
1208,1781986680000,924.44
1209,1781986860000,924.4
1210,1781987040000,924.46
1211,1781987220000,924.13
1212,1781987400000,924.08
1213,1781987580000,923.29
1214,1781987760000,922.83
1215,1781987940000,922.83
1216,1781988120000,922.89
1217,1781988300000,923.02
1218,1781988480000,922.99
1219,1781988660000,923.18
1220,1781988840000,923.19
1221,1781989020000,923.27
1222,1781989200000,923.44
1223,1781989380000,922.83
1224,1781989560000,922.37
1225,1781989740000,922.49
1226,1781989920000,922.83
1227,1781990100000,922.52
1228,1781990280000,922.58
1229,1781990460000,922.52
1230,1781990640000,922.6
1231,1781990820000,922.4
1232,1781991000000,922.33
1233,1781991180000,922.42
1234,1781991360000,922.59
1235,1781991540000,922.67
1236,1781991720000,923.11
1237,1781991900000,923.24
1238,1781992080000,923.46
1239,1781992260000,923.06
1240,1781992440000,923.04
1241,1781992620000,923.0
1242,1781992800000,922.76
1243,1781992980000,923.1
1244,1781993160000,923.02
1245,1781993340000,922.97
1246,1781993520000,923.9
1247,1781993700000,923.61
1248,1781993880000,923.55
1249,1781994060000,923.85
1250,1781994240000,924.25
1251,1781994420000,925.04
1252,1781994600000,924.91
1253,1781994780000,924.98
1254,1781994960000,924.69
1255,1781995140000,924.65
1256,1781995320000,924.91
1257,1781995500000,924.71
1258,1781995680000,925.13
1259,1781995860000,925.04
1260,1781996040000,925.12
1261,1781996220000,924.84
1262,1781996400000,924.8
1263,1781996580000,924.8
1264,1781996760000,924.97
1265,1781996940000,924.83
1266,1781997120000,924.77
1267,1781997300000,924.9
1268,1781997480000,924.31
1269,1781997660000,924.31
1270,1781997840000,923.84
1271,1781998020000,923.9
1272,1781998200000,923.86
1273,1781998380000,923.91
1274,1781998560000,923.63
1275,1781998740000,923.17
1276,1781998920000,923.35
1277,1781999100000,923.08
1278,1781999280000,922.99
1279,1781999460000,922.94
1280,1781999640000,923.13
1281,1781999820000,923.08
1282,1782000000000,922.76
1283,1782000180000,922.83
1284,1782000360000,922.85
1285,1782000540000,922.35
1286,1782000720000,921.89
1287,1782000900000,921.71
1288,1782001080000,921.75
1289,1782001260000,921.96
1290,1782001440000,921.82
1291,1782001620000,921.92
1292,1782001800000,921.85
1293,1782001980000,922.0
1294,1782002160000,922.26
1295,1782002340000,922.19
1296,1782002520000,922.09
1297,1782002700000,921.91
1298,1782002880000,921.78
1299,1782003060000,921.78
1300,1782003240000,921.78
1301,1782003420000,921.32
1302,1782003600000,921.44
1303,1782003780000,921.33
1304,1782003960000,921.19
1305,1782004140000,920.6
1306,1782004320000,920.14
1307,1782004500000,920.16
1308,1782004680000,920.17
1309,1782004860000,920.18
1310,1782005040000,920.12
1311,1782005220000,920.11
1312,1782005400000,920.0
1313,1782005580000,920.11
1314,1782005760000,920.29
1315,1782005940000,920.0
1316,1782006120000,920.17
1317,1782006300000,919.93
1318,1782006480000,919.47
1319,1782006660000,919.42
1320,1782006840000,919.28
1321,1782007020000,918.77
1322,1782007200000,918.31
1323,1782007380000,918.4
1324,1782007560000,918.34
1325,1782007740000,918.36
1326,1782007920000,918.12
1327,1782008100000,917.66
1328,1782008280000,917.63
1329,1782008460000,917.56
1330,1782008640000,917.63
1331,1782008820000,917.65
1332,1782009000000,917.64
1333,1782009180000,917.78
1334,1782009360000,917.41
1335,1782009540000,916.95
1336,1782009720000,916.95
1337,1782009900000,917.05
1338,1782010080000,917.12
1339,1782010260000,916.54
1340,1782010440000,916.09
1341,1782010620000,916.01
1342,1782010800000,915.95
1343,1782010980000,915.93
1344,1782011160000,916.09
1345,1782011340000,916.21
1346,1782011520000,916.4
1347,1782011700000,916.41
1348,1782011880000,916.5
1349,1782012060000,917.39
1350,1782012240000,917.24
1351,1782012420000,916.75
1352,1782012600000,916.71
1353,1782012780000,916.63
1354,1782012960000,917.33
1355,1782013140000,917.17
1356,1782013320000,917.43
1357,1782013500000,917.17
1358,1782013680000,917.31
1359,1782013860000,917.28
1360,1782014040000,917.33
1361,1782014220000,917.28
1362,1782014400000,917.18
1363,1782014580000,917.05
1364,1782014760000,917.06
1365,1782014940000,916.49
1366,1782015120000,916.49
1367,1782015300000,916.04
1368,1782015480000,916.63
1369,1782015660000,916.27
1370,1782015840000,916.6
1371,1782016020000,916.68
1372,1782016200000,916.75
1373,1782016380000,916.92
1374,1782016560000,916.74
1375,1782016740000,916.53
1376,1782016920000,916.43
1377,1782017100000,916.25
1378,1782017280000,915.95
1379,1782017460000,914.91
1380,1782017640000,914.46
1381,1782017820000,914.16
1382,1782018000000,914.27
1383,1782018180000,914.02
1384,1782018360000,914.07
1385,1782018540000,913.97
1386,1782018720000,913.85
1387,1782018900000,913.91
1388,1782019080000,913.89
1389,1782019260000,914.06
1390,1782019440000,914.3
1391,1782019620000,914.33
1392,1782019800000,914.44
1393,1782019980000,914.4
1394,1782020160000,914.65
1395,1782020340000,914.53
1396,1782020520000,914.31
1397,1782020700000,914.0
1398,1782020880000,913.91
1399,1782021060000,913.92
1400,1782021240000,913.53
1401,1782021420000,913.08
1402,1782021600000,912.91
1403,1782021780000,912.19
1404,1782021960000,911.73
1405,1782022140000,911.71
1406,1782022320000,911.78
1407,1782022500000,911.95
1408,1782022680000,912.04
1409,1782022860000,912.08
1410,1782023040000,912.04
1411,1782023220000,912.2
1412,1782023400000,912.05
1413,1782023580000,911.81
1414,1782023760000,911.36
1415,1782023940000,911.48
1416,1782024120000,911.39
1417,1782024300000,911.33
1418,1782024480000,911.28
1419,1782024660000,911.32
1420,1782024840000,911.31
1421,1782025020000,911.32
1422,1782025200000,910.96
1423,1782025380000,911.03
1424,1782025560000,911.03
1425,1782025740000,910.65
1426,1782025920000,910.2
1427,1782026100000,910.24
1428,1782026280000,910.07
1429,1782026460000,909.88
1430,1782026640000,909.77
1431,1782026820000,909.54
1432,1782027000000,909.77
1433,1782027180000,909.91
1434,1782027360000,910.02
1435,1782027540000,909.86
1436,1782027720000,910.08
1437,1782027900000,909.99
1438,1782028080000,909.99
1439,1782028260000,909.8
1440,1782028440000,909.59
1441,1782028620000,909.74
1442,1782028800000,909.83
1443,1782028980000,909.65
1444,1782029160000,909.33
1445,1782029340000,909.49
1446,1782029520000,909.21
1447,1782029700000,909.07
1448,1782029880000,908.86
1449,1782030060000,908.84
1450,1782030240000,908.82
1451,1782030420000,908.74
1452,1782030600000,908.47
1453,1782030780000,907.62
1454,1782030960000,908.07
1455,1782031140000,908.02
1456,1782031320000,908.23
1457,1782031500000,908.01
1458,1782031680000,907.91
1459,1782031860000,908.17
1460,1782032040000,908.28
1461,1782032220000,908.45
1462,1782032400000,908.17
1463,1782032580000,908.21
1464,1782032760000,908.16
1465,1782032940000,908.27
1466,1782033120000,908.12
1467,1782033300000,908.2
1468,1782033480000,907.82
1469,1782033660000,907.36
1470,1782033840000,907.86
1471,1782034020000,907.62
1472,1782034200000,907.88
1473,1782034380000,908.26
1474,1782034560000,908.44
1475,1782034740000,908.34
1476,1782034920000,908.26
1477,1782035100000,908.17
1478,1782035280000,908.52
1479,1782035460000,908.52
1480,1782035640000,908.75
1481,1782035820000,908.78
1482,1782036000000,908.84
1483,1782036180000,908.74
1484,1782036360000,908.94
1485,1782036540000,909.21
1486,1782036720000,909.24
1487,1782036900000,909.23
1488,1782037080000,909.38
1489,1782037260000,909.7
1490,1782037440000,909.57
1491,1782037620000,909.43
1492,1782037800000,909.52
1493,1782037980000,909.65
1494,1782038160000,909.88
1495,1782038340000,909.96
1496,1782038520000,909.73
1497,1782038700000,909.89
1498,1782038880000,910.2
1499,1782039060000,909.95
1500,1782039240000,910.0
1501,1782039420000,909.89
1502,1782039600000,910.66
1503,1782039780000,909.65
1504,1782039960000,910.11
1505,1782040140000,910.61
1506,1782040320000,910.25
1507,1782040500000,908.76
1508,1782040680000,909.21
1509,1782040860000,909.62
1510,1782041040000,909.75
1511,1782041220000,909.99
1512,1782041400000,909.13
1513,1782041580000,908.69
1514,1782041760000,908.24
1515,1782041940000,908.14
1516,1782042120000,908.41
1517,1782042300000,908.15
1518,1782042480000,907.46
1519,1782042660000,907.56
1520,1782042840000,907.5
1521,1782043020000,907.62
1522,1782043200000,907.31
1523,1782043380000,907.91
1524,1782043560000,907.74
1525,1782043740000,907.26
1526,1782043920000,906.91
1527,1782044100000,906.94
1528,1782044280000,906.48
1529,1782044460000,906.31
1530,1782044640000,906.67
1531,1782044820000,906.49
1532,1782045000000,906.81
1533,1782045180000,906.24
1534,1782045360000,906.25
1535,1782045540000,906.73
1536,1782045720000,906.81
1537,1782045900000,906.81
1538,1782046080000,906.83
1539,1782046260000,907.55
1540,1782046440000,907.71
1541,1782046620000,907.77
1542,1782046800000,907.28
1543,1782046980000,907.45
1544,1782047160000,907.02
1545,1782047340000,906.57
1546,1782047520000,906.34
1547,1782047700000,906.54
1548,1782047880000,906.6
1549,1782048060000,906.62
1550,1782048240000,906.49
1551,1782048420000,906.64
1552,1782048600000,906.03
1553,1782048780000,905.16
1554,1782048960000,904.71
1555,1782049140000,904.6
1556,1782049320000,904.7
1557,1782049500000,904.92
1558,1782049680000,904.9
1559,1782049860000,905.03
1560,1782050040000,905.13
1561,1782050220000,905.4
1562,1782050400000,905.17
1563,1782050580000,904.75
1564,1782050760000,904.29
1565,1782050940000,904.2
1566,1782051120000,904.11
1567,1782051300000,903.99
1568,1782051480000,903.85
1569,1782051660000,904.1
1570,1782051840000,903.96
1571,1782052020000,903.89
1572,1782052200000,903.8
1573,1782052380000,903.68
1574,1782052560000,903.88
1575,1782052740000,904.13
1576,1782052920000,904.03
1577,1782053100000,903.76
1578,1782053280000,904.05
1579,1782053460000,904.2
1580,1782053640000,904.22
1581,1782053820000,903.77
1582,1782054000000,904.45
1583,1782054180000,904.29
1584,1782054360000,903.89
1585,1782054540000,903.95
1586,1782054720000,904.12
1587,1782054900000,904.23
1588,1782055080000,904.12
1589,1782055260000,904.1
1590,1782055440000,904.07
1591,1782055620000,904.49
1592,1782055800000,904.17
1593,1782055980000,904.02
1594,1782056160000,904.28
1595,1782056340000,904.44
1596,1782056520000,904.75
1597,1782056700000,904.62
1598,1782056880000,904.56
1599,1782057060000,904.4
1600,1782057240000,904.3
1601,1782057420000,904.26
1602,1782057600000,904.38
1603,1782057780000,904.0
1604,1782057960000,904.12
1605,1782058140000,904.0
1606,1782058320000,903.24
1607,1782058500000,902.78
1608,1782058680000,902.92
1609,1782058860000,903.17
1610,1782059040000,903.06
1611,1782059220000,902.88
1612,1782059400000,902.62
1613,1782059580000,902.17
1614,1782059760000,901.87
1615,1782059940000,902.2
1616,1782060120000,902.31
1617,1782060300000,902.57
1618,1782060480000,902.62
1619,1782060660000,902.69
1620,1782060840000,902.62
1621,1782061020000,902.58
1622,1782061200000,902.61
1623,1782061380000,902.93
1624,1782061560000,902.49
1625,1782061740000,902.04
1626,1782061920000,901.94
1627,1782062100000,901.66
1628,1782062280000,901.62
1629,1782062460000,901.11
1630,1782062640000,900.65
1631,1782062820000,900.26
1632,1782063000000,900.15
1633,1782063180000,900.12
1634,1782063360000,900.1
1635,1782063540000,899.75
1636,1782063720000,899.3
1637,1782063900000,899.68
1638,1782064080000,899.65
1639,1782064260000,899.62
1640,1782064440000,899.68
1641,1782064620000,899.43
1642,1782064800000,898.54
1643,1782064980000,898.19
1644,1782065160000,898.56
1645,1782065340000,898.43
1646,1782065520000,898.44
1647,1782065700000,898.51
1648,1782065880000,898.53
1649,1782066060000,898.57
1650,1782066240000,898.76
1651,1782066420000,898.69
1652,1782066600000,899.05
1653,1782066780000,898.6
1654,1782066960000,898.8
1655,1782067140000,898.77
1656,1782067320000,898.67
1657,1782067500000,898.77
1658,1782067680000,898.68
1659,1782067860000,898.38
1660,1782068040000,898.71
1661,1782068220000,898.9
1662,1782068400000,899.29
1663,1782068580000,898.7
1664,1782068760000,898.64
1665,1782068940000,898.92
1666,1782069120000,898.91
1667,1782069300000,898.75
1668,1782069480000,898.85
1669,1782069660000,898.9
1670,1782069840000,899.08
1671,1782070020000,898.97
1672,1782070200000,898.97
1673,1782070380000,898.32
1674,1782070560000,897.87
1675,1782070740000,897.92
1676,1782070920000,897.93
1677,1782071100000,897.71
1678,1782071280000,898.04
1679,1782071460000,897.92
1680,1782071640000,898.01
1681,1782071820000,897.85
1682,1782072000000,897.75
1683,1782072180000,898.14
1684,1782072360000,898.28
1685,1782072540000,897.61
1686,1782072720000,897.6
1687,1782072900000,896.92
1688,1782073080000,896.47
1689,1782073260000,896.73
1690,1782073440000,896.52
1691,1782073620000,896.68
1692,1782073800000,896.41
1693,1782073980000,896.32
1694,1782074160000,896.11
1695,1782074340000,895.6
1696,1782074520000,895.69
1697,1782074700000,894.3
1698,1782074880000,894.1
1699,1782075060000,894.41
1700,1782075240000,894.4
1701,1782075420000,894.82
1702,1782075600000,894.62
1703,1782075780000,894.52
1704,1782075960000,894.01
1705,1782076140000,892.92
1706,1782076320000,893.22
1707,1782076500000,892.95
1708,1782076680000,893.64
1709,1782076860000,894.23
1710,1782077040000,893.87
1711,1782077220000,893.68
1712,1782077400000,894.35
1713,1782077580000,894.35
1714,1782077760000,894.61
1715,1782077940000,895.0
1716,1782078120000,895.0
1717,1782078300000,894.55
1718,1782078480000,894.43
1719,1782078660000,894.53
1720,1782078840000,894.03
1721,1782079020000,894.12
1722,1782079200000,894.11
1723,1782079380000,894.0
1724,1782079560000,893.37
1725,1782079740000,892.21
1726,1782079920000,891.76
1727,1782080100000,892.48
1728,1782080280000,892.33
1729,1782080460000,892.6
1730,1782080640000,892.64
1731,1782080820000,892.44
1732,1782081000000,892.19
1733,1782081180000,891.66
1734,1782081360000,891.66
1735,1782081540000,892.05
1736,1782081720000,892.07
1737,1782081900000,892.23
1738,1782082080000,892.09
1739,1782082260000,891.65
1740,1782082440000,891.69
1741,1782082620000,891.7
1742,1782082800000,890.85
1743,1782082980000,891.11
1744,1782083160000,891.18
1745,1782083340000,891.24
1746,1782083520000,891.03
1747,1782083700000,891.24
1748,1782083880000,891.49
1749,1782084060000,891.59
1750,1782084240000,891.28
1751,1782084420000,890.12
1752,1782084600000,889.67
1753,1782084780000,889.25
1754,1782084960000,889.41
1755,1782085140000,889.31
1756,1782085320000,888.91
1757,1782085500000,889.1
1758,1782085680000,889.3
1759,1782085860000,889.08
1760,1782086040000,888.99
1761,1782086220000,888.82
1762,1782086400000,889.43
1763,1782086580000,890.08
1764,1782086760000,890.25
1765,1782086940000,889.84
1766,1782087120000,890.18
1767,1782087300000,890.78
1768,1782087480000,890.91
1769,1782087660000,890.91
1770,1782087840000,890.47
1771,1782088020000,890.61
1772,1782088200000,891.08
1773,1782088380000,890.88
1774,1782088560000,892.35
1775,1782088740000,892.46
1776,1782088920000,891.94
1777,1782089100000,892.18
1778,1782089280000,890.89
1779,1782089460000,891.15
1780,1782089640000,891.39
1781,1782089820000,891.76
1782,1782090000000,892.64
1783,1782090180000,892.01
1784,1782090360000,892.21
1785,1782090540000,891.93
1786,1782090720000,891.8
1787,1782090900000,892.89
1788,1782091080000,893.29
1789,1782091260000,895.54
1790,1782091440000,897.64
1791,1782091620000,897.09
1792,1782091800000,896.71
1793,1782091980000,895.87
1794,1782092160000,895.91
1795,1782092340000,896.93
1796,1782092520000,896.14
1797,1782092700000,896.0
1798,1782092880000,896.75
1799,1782093060000,896.88
1800,1782093240000,896.91
1801,1782093420000,896.73
1802,1782093600000,896.3
1803,1782093780000,896.64
1804,1782093960000,896.27
1805,1782094140000,896.45
1806,1782094320000,896.36
1807,1782094500000,896.82
1808,1782094680000,896.6
1809,1782094860000,895.83
1810,1782095040000,895.38
1811,1782095220000,895.46
1812,1782095400000,895.54
1813,1782095580000,894.96
1814,1782095760000,895.3
1815,1782095940000,895.49
1816,1782096120000,895.12
1817,1782096300000,894.71
1818,1782096480000,893.75
1819,1782096660000,893.69
1820,1782096840000,893.77
1821,1782097020000,893.51
1822,1782097200000,892.52
1823,1782097380000,892.58
1824,1782097560000,891.89
1825,1782097740000,892.17
1826,1782097920000,892.05
1827,1782098100000,893.19
1828,1782098280000,893.71
1829,1782098460000,893.95
1830,1782098640000,893.78
1831,1782098820000,893.68
1832,1782099000000,894.31
1833,1782099180000,893.52
1834,1782099360000,893.45
1835,1782099540000,893.29
1836,1782099720000,892.96
1837,1782099900000,892.69
1838,1782100080000,892.52
1839,1782100260000,892.63
1840,1782100440000,891.16
1841,1782100620000,891.49
1842,1782100800000,891.27
1843,1782100980000,891.39
1844,1782101160000,891.41
1845,1782101340000,891.51
1846,1782101520000,891.49
1847,1782101700000,891.63
1848,1782101880000,891.48
1849,1782102060000,891.62
1850,1782102240000,891.41
1851,1782102420000,891.49
1852,1782102600000,891.7
1853,1782102780000,891.82
1854,1782102960000,891.43
1855,1782103140000,890.98
1856,1782103320000,890.97
1857,1782103500000,891.76
1858,1782103680000,891.34
1859,1782103860000,891.34
1860,1782104040000,890.9
1861,1782104220000,891.06
1862,1782104400000,891.06
1863,1782104580000,891.14
1864,1782104760000,891.95
1865,1782104940000,892.31
1866,1782105120000,892.36
1867,1782105300000,892.0
1868,1782105480000,892.13
1869,1782105660000,891.98
1870,1782105840000,891.91
1871,1782106020000,892.03
1872,1782106200000,891.95
1873,1782106380000,891.94
1874,1782106560000,892.12
1875,1782106740000,892.57
1876,1782106920000,892.21
1877,1782107100000,891.95
1878,1782107280000,891.79
1879,1782107460000,891.73
1880,1782107640000,891.93
1881,1782107820000,892.12
1882,1782108000000,891.78
1883,1782108180000,891.66
1884,1782108360000,891.97
1885,1782108540000,891.56
1886,1782108720000,891.12
1887,1782108900000,890.81
1888,1782109080000,890.61
1889,1782109260000,890.17
1890,1782109440000,890.21
1891,1782109620000,890.42
1892,1782109800000,890.51
1893,1782109980000,889.67
1894,1782110160000,890.1
1895,1782110340000,889.99
1896,1782110520000,889.61
1897,1782110700000,889.76
1898,1782110880000,889.53
1899,1782111060000,889.36
1900,1782111240000,889.52
1901,1782111420000,889.52
1902,1782111600000,889.64
1903,1782111780000,890.35
1904,1782111960000,890.36
1905,1782112140000,890.75
1906,1782112320000,890.56
1907,1782112500000,890.12
1908,1782112680000,890.07
1909,1782112860000,890.17
1910,1782113040000,890.39
1911,1782113220000,890.25
1912,1782113400000,890.76
1913,1782113580000,890.51
1914,1782113760000,890.76
1915,1782113940000,890.52
1916,1782114120000,890.14
1917,1782114300000,890.22
1918,1782114480000,890.06
1919,1782114660000,889.65
1920,1782114840000,889.74
1921,1782115020000,889.85
1922,1782115200000,889.02
1923,1782115380000,888.58
1924,1782115560000,888.98
1925,1782115740000,889.28
1926,1782115920000,889.95
1927,1782116100000,889.57
1928,1782116280000,889.95
1929,1782116460000,889.64
1930,1782116640000,889.58
1931,1782116820000,889.07
1932,1782117000000,889.28
1933,1782117180000,888.7
1934,1782117360000,888.17
1935,1782117540000,888.81
1936,1782117720000,889.12
1937,1782117900000,888.67
1938,1782118080000,888.93
1939,1782118260000,888.79
1940,1782118440000,888.84
1941,1782118620000,888.88
1942,1782118800000,888.96
1943,1782118980000,889.37
1944,1782119160000,889.09
1945,1782119340000,888.67
1946,1782119520000,888.23
1947,1782119700000,888.21
1948,1782119880000,887.94
1949,1782120060000,888.03
1950,1782120240000,887.75
1951,1782120420000,887.77
1952,1782120600000,887.86
1953,1782120780000,887.77
1954,1782120960000,887.51
1955,1782121140000,887.47
1956,1782121320000,887.83
1957,1782121500000,887.77
1958,1782121680000,887.83
1959,1782121860000,887.89
1960,1782122040000,887.88
1961,1782122220000,887.96
1962,1782122400000,888.28
1963,1782122580000,888.36
1964,1782122760000,888.79
1965,1782122940000,888.22
1966,1782123120000,887.78
1967,1782123300000,887.81
1968,1782123480000,887.45
1969,1782123660000,887.6
1970,1782123840000,887.46
1971,1782124020000,887.5
1972,1782124200000,887.53
1973,1782124380000,887.36
1974,1782124560000,886.67
1975,1782124740000,886.23
1976,1782124920000,886.16
1977,1782125100000,886.41
1978,1782125280000,886.73
1979,1782125460000,886.73
1980,1782125640000,886.66
1981,1782125820000,886.53
1982,1782126000000,886.42
1983,1782126180000,887.24
1984,1782126360000,886.8
1985,1782126540000,886.31
1986,1782126720000,886.77
1987,1782126900000,886.8
1988,1782127080000,886.67
1989,1782127260000,886.51
1990,1782127440000,887.77
1991,1782127620000,887.16
1992,1782127800000,888.44
1993,1782127980000,888.98
1994,1782128160000,889.39
1995,1782128340000,888.98
1996,1782128520000,888.92
1997,1782128700000,888.75
1998,1782128880000,889.38
1999,1782129060000,889.09
1999,1782129060000,888.64
